loss,perplexity_metric,val_loss,val_perplexity_metric
4.851084232330322,179.78684997558594,4.088050365447998,
4.102563858032227,60.817787170410156,3.8244054317474365,
